Workbook

Sheet Tracker(Not in DB)
A1: State | B1: El Type | C1: El Year | D1: Key | E1: SIR States | F1: WIP(Yes/No) | G1: RemarK | I1: DB Status | J1: Varahe | K1: Tracker Updated Date | L1: 25-05-2026
A2: DL | B2: AE | C2: 2008 | D2: =CONCATENATE(A2,"-",B2,"-",C2) -> DL-AE-2008 | E2: =IF(ISNA(VLOOKUP(A2,'SIR States'!$A:$A,1,FALSE)),"No","Yes") -> No | H2: =VLOOKUP(D2,'25th May'!$D:$D,1,0) -> DL-AE-2008
A3: JK | B3: AE | C3: 2008 | D3: =CONCATENATE(A3,"-",B3,"-",C3) -> JK-AE-2008 | E3: =IF(ISNA(VLOOKUP(A3,'SIR States'!$A:$A,1,FALSE)),"No","Yes") -> Yes | H3: =VLOOKUP(D3,'25th May'!$D:$D,1,0) -> JK-AE-2008
A4: MP | B4: AE | C4: 2008 | D4: =CONCATENATE(A4,"-",B4,"-",C4) -> MP-AE-2008 | E4: =IF(ISNA(VLOOKUP(A4,'SIR States'!$A:$A,1,FALSE)),"No","Yes") -> No | H4: =VLOOKUP(D4,'25th May'!$D:$D,1,0) -> MP-AE-2008
A5: MZ | B5: AE | C5: 2008 | D5: =CONCATENATE(A5,"-",B5,"-",C5) -> MZ-AE-2008 | E5: =IF(ISNA(VLOOKUP(A5,'SIR States'!$A:$A,1,FALSE)),"No","Yes") -> No | H5: =VLOOKUP(D5,'25th May'!$D:$D,1,0) -> MZ-AE-2008
A6: AP | B6: AE-BP | C6: 2022 | D6: =CONCATENATE(A6,"-",B6,"-",C6) -> AP-AE-BP-2022 | E6: =IF(ISNA(VLOOKUP(A6,'SIR States'!$A:$A,1,FALSE)),"No","Yes") -> Yes | H6: =VLOOKUP(D6,'25th May'!$D:$D,1,0) -> AP-AE-BP-2022
A7: AP | B7: AE-BP | C7: 2021 | D7: =CONCATENATE(A7,"-",B7,"-",C7) -> AP-AE-BP-2021 | E7: =IF(ISNA(VLOOKUP(A7,'SIR States'!$A:$A,1,FALSE)),"No","Yes") -> Yes | H7: =VLOOKUP(D7,'25th May'!$D:$D,1,0) -> AP-AE-BP-2021
A8: AP | B8: AE-BP | C8: 2017 | D8: =CONCATENATE(A8,"-",B8,"-",C8) -> AP-AE-BP-2017 | E8: =IF(ISNA(VLOOKUP(A8,'SIR States'!$A:$A,1,FALSE)),"No","Yes") -> Yes | H8: =VLOOKUP(D8,'25th May'!$D:$D,1,0) -> AP-AE-BP-2017
A9: AP | B9: AE-BP | C9: 2015 | D9: =CONCATENATE(A9,"-",B9,"-",C9) -> AP-AE-BP-2015 | E9: =IF(ISNA(VLOOKUP(A9,'SIR States'!$A:$A,1,FALSE)),"No","Yes") -> Yes | H9: =VLOOKUP(D9,'25th May'!$D:$D,1,0) -> AP-AE-BP-2015
A10: AP | B10: AE-BP | C10: 2014 | D10: =CONCATENATE(A10,"-",B10,"-",C10) -> AP-AE-BP-2014 | E10: =IF(ISNA(VLOOKUP(A10,'SIR States'!$A:$A,1,FALSE)),"No","Yes") -> Yes | H10: =VLOOKUP(D10,'25th May'!$D:$D,1,0) -> AP-AE-BP-2014
A11: AP | B11: AE-BP | C11: 2012 | D11: =CONCATENATE(A11,"-",B11,"-",C11) -> AP-AE-BP-2012 | E11: =IF(ISNA(VLOOKUP(A11,'SIR States'!$A:$A,1,FALSE)),"No","Yes") -> Yes | H11: =VLOOKUP(D11,'25th May'!$D:$D,1,0) -> AP-AE-BP-2012
A12: AP | B12: AE-BP | C12: 2011 | D12: =CONCATENATE(A12,"-",B12,"-",C12) -> AP-AE-BP-2011 | E12: =IF(ISNA(VLOOKUP(A12,'SIR States'!$A:$A,1,FALSE)),"No","Yes") -> Yes | H12: =VLOOKUP(D12,'25th May'!$D:$D,1,0) -> AP-AE-BP-2011
A13: AP | B13: AE-BP | C13: 2010 | D13: =CONCATENATE(A13,"-",B13,"-",C13) -> AP-AE-BP-2010 | E13: =IF(ISNA(VLOOKUP(A13,'SIR States'!$A:$A,1,FALSE)),"No","Yes") -> Yes | H13: =VLOOKUP(D13,'25th May'!$D:$D,1,0) -> AP-AE-BP-2010
... A396: WB | B396: GE-BP | C396: 2011 | D396: =CONCATENATE(A396,"-",B396,"-",C396) -> WB-GE-BP-2011 | E396: =IF(ISNA(VLOOKUP(A396,'SIR States'!$A:$A,1,FALSE)),"No","Yes") -> No | H396: =VLOOKUP(D396,'25th May'!$D:$D,1,0) -> WB-GE-BP-2011

Sheet Pivot Table 1
K1: 46157
D2: AC Count | K2: State | L2: AE | M2: GE
K3: AN | M3: 3
K4: AP | L4: 3 | M4: 3
K5: AR | L5: 4 | M5: 4
K6: BR | L6: 1
K7: DD | M7: 4
K8: DL | L8: 2 | M8: 2
K9: DN | M9: 4
K10: GJ | L10: 3 | M10: 4
K11: JH | L11: 1 | M11: 1
K12: JK | L12: 1
K13: LA | M13: 3
K14: LD | M14: 3
K15: MH | L15: 2
K16: ML | L16: 3 | M16: 4
K17: MN | M17: 1
K18: MP | L18: 4 | M18: 4
K19: MZ | L19: 4 | M19: 4
K20: NL | L20: 3 | M20: 4
K21: SK | L21: 4 | M21: 4
K22: TR | L22: 4 | M22: 4
D23: 99 | K23: TS | L23: 3 | M23: 4
K24: WB | L24: 2
D25: 107 | K25: Grand Total | L25: 44 | M25: 60

Sheet Form 20 Status SIR States
A1: State | B1: El_Type | C1: Latest El_year | D1: Status | E1: Remark
A2: AP | B2: AE | C2: 2024 | D2: Yes
A3: HR | B3: AE | C3: 2024 | D3: Yes | N3: New target | O3: MP | P3: 2024 | Q3: GE | R3: form20
A4: HP | B4: AE | C4: 2022 | D4: Yes | O4: RJ | R4: Booth data
A5: JK | B5: AE | C5: 2024 | D5: Yes
A6: KA | B6: AE | C6: 2023 | D6: Yes
A7: MH | B7: AE | C7: 2024 | D7: Yes
A8: OR | B8: AE | C8: 2024 | D8: Yes
A9: PB | B9: AE | C9: 2022 | D9: Yes
A10: UK | B10: AE | C10: 2022 | D10: Yes
A11: AP | B11: GE | C11: 2024 | D11: Yes
A12: CG | B12: GE | C12: 2024 | D12: Yes
A13: HR | B13: GE | C13: 2024 | D13: Yes
A14: HP | B14: GE | C14: 2024 | D14: Yes
A15: JK | B15: GE | C15: 2024 | D15: Yes
A16: KA | B16: GE | C16: 2024 | D16: Yes
... A23: JH | B23: GE | C23: 2024 | D23: Yes

Sheet 25th May
D1: Key
A2: AN | B2: GE | C2: 2009 | D2: =CONCATENATE(A2,"-",B2,"-",C2) -> AN-GE-2009
A3: AN | B3: GE | C3: 2014 | D3: =CONCATENATE(A3,"-",B3,"-",C3) -> AN-GE-2014
A4: AN | B4: GE | C4: 2019 | D4: =CONCATENATE(A4,"-",B4,"-",C4) -> AN-GE-2019
A5: AP | B5: AE | C5: 2009 | D5: =CONCATENATE(A5,"-",B5,"-",C5) -> AP-AE-2009
A6: AP | B6: AE | C6: 2014 | D6: =CONCATENATE(A6,"-",B6,"-",C6) -> AP-AE-2014
A7: AP | B7: AE | C7: 2019 | D7: =CONCATENATE(A7,"-",B7,"-",C7) -> AP-AE-2019
A8: AP | B8: AE-BP | C8: 2010 | D8: =CONCATENATE(A8,"-",B8,"-",C8) -> AP-AE-BP-2010
A9: AP | B9: AE-BP | C9: 2011 | D9: =CONCATENATE(A9,"-",B9,"-",C9) -> AP-AE-BP-2011
A10: AP | B10: AE-BP | C10: 2012 | D10: =CONCATENATE(A10,"-",B10,"-",C10) -> AP-AE-BP-2012
A11: AP | B11: AE-BP | C11: 2014 | D11: =CONCATENATE(A11,"-",B11,"-",C11) -> AP-AE-BP-2014
A12: AP | B12: AE-BP | C12: 2015 | D12: =CONCATENATE(A12,"-",B12,"-",C12) -> AP-AE-BP-2015
A13: AP | B13: AE-BP | C13: 2017 | D13: =CONCATENATE(A13,"-",B13,"-",C13) -> AP-AE-BP-2017
... A396: WB | B396: GE-BP | C396: 2022 | D396: =CONCATENATE(A396,"-",B396,"-",C396) -> WB-GE-BP-2022
D397: =CONCATENATE(A397,"-",B397,"-",C397) -> --
D398: =CONCATENATE(A398,"-",B398,"-",C398) -> --
D399: =CONCATENATE(A399,"-",B399,"-",C399) -> --
D400: =CONCATENATE(A400,"-",B400,"-",C400) -> --
D401: =CONCATENATE(A401,"-",B401,"-",C401) -> --
D402: =CONCATENATE(A402,"-",B402,"-",C402) -> --
D403: =CONCATENATE(A403,"-",B403,"-",C403) -> --
D404: =CONCATENATE(A404,"-",B404,"-",C404) -> --
D405: =CONCATENATE(A405,"-",B405,"-",C405) -> --
D406: =CONCATENATE(A406,"-",B406,"-",C406) -> --
D407: =CONCATENATE(A407,"-",B407,"-",C407) -> --
D408: =CONCATENATE(A408,"-",B408,"-",C408) -> --
... D435: =CONCATENATE(A435,"-",B435,"-",C435) -> --

Sheet Sheet5

Sheet SIR States
A1: States
A2: AP
A3: CG
A4: HR
A5: HP
A6: JK
A7: JH
A8: KA
A9: LA
A10: MH
A11: OR
A12: PB
A13: UK

Sheet Latest El Year
A1: State | B1: El_Type | C1: Latest El_year | D1: Status
A2: AP | B2: AE | C2: 2024 | D2: Not available | E2: extracting excel | F2: Not In DB
A3: HR | B3: AE | C3: 2024 | D3: Not available | E3: Completed | F3: IN DB
A4: HP | B4: AE | C4: 2022 | D4: Available
A5: JK | B5: AE | C5: 2024 | D5: Not available
A6: KA | B6: AE | C6: 2023 | D6: Not available | E6: completed | F6: IN DB
A7: MH | B7: AE | C7: 2024 | D7: Available
A8: OR | B8: AE | C8: 2024 | D8: Available
A9: PB | B9: AE | C9: 2022 | D9: Available
A10: UK | B10: AE | C10: 2022 | D10: Available
A11: AP | B11: GE | C11: 2024 | D11: Not available | E11: completed | F11: in DB
A12: CG | B12: GE | C12: 2024 | D12: Available | E12: completed
A13: HR | B13: GE | C13: 2024 | D13: Available
A14: HP | B14: GE | C14: 2024 | D14: Available
A15: JK | B15: GE | C15: 2024 | D15: Available
A16: KA | B16: GE | C16: 2024 | D16: Available
A17: LA | B17: GE | C17: 2024 | D17: Available
A18: MH | B18: GE | C18: 2024 | D18: Available
A19: OR | B19: GE | C19: 2024 | D19: Not available | E19: deo | F19: In DB
A20: PB | B20: GE | C20: 2024 | D20: Available
A21: UK | B21: GE | C21: 2024 | D21: Available
A22: JH | B22: AE | C22: 2024 | D22: Available
A23: JH | B23: GE | C23: 2024 | D23: Available

Sheet Query
A1: with t1 as
A2: (SELECT
A3: aem.state_abb AS ST,
A4: TO_CHAR(aem.el_year, 'FM9999') AS el_year,
A5: aem.el_type,
A6: COUNT(DISTINCT ac_no) AS No_of_ACS,
A7: aem.state_abb || '-' || aem.el_type || '-' || aem.el_year AS AKEY
A8: FROM ac_election_mapping aem
A9: GROUP BY aem.state_abb, aem.el_year, aem.el_type),
A11: t2 as
A12: (select f.state_abb || '-' || e.el_type || '-' || e.el_year AS fKEY, count(f.ac_no) as no_acs
A13: from form_20 f
... A20: order by t1.st,t1.el_type asc, t1.el_year
